{

	"background_color":[0.01,0.01,0.1],
	"ambient_light":[0.1,0.1,0.2],
	"camera_position":[-300,90,-150],
	"camera_target":[0,40,0],
	"camera_fov":60,

	"entities": [
		{
			"name": "floor",
			"type": "PREFAB",
			"filename": "prefabs/floor.glb",
			"position": [ 0, 0, 0 ]
		},
		{
			"name": "car1",
			"type": "PREFAB",
			"filename": "prefabs/gmc/scene.gltf",
			"position": [ -80, 0, -100 ],
			"angle": -45
		},
		{
			"name": "car2",
			"type": "PREFAB",
			"filename": "prefabs/gmc/scene.gltf",
			"position": [ -50, 0, 233 ],
			"angle": 200
		},
		{
			"name": "house",
			"type": "PREFAB",
			"filename": "prefabs/house_test/scene.gltf",
			"position": [ 300, 0, 200 ],
			"scale": [ 0.4, 0.4, 0.4 ]
		},
		{
			"name": "house",
			"type": "PREFAB",
			"filename": "prefabs/house_test/scene.gltf",
			"position": [ 300, 0, -200 ],
			"scale": [ 0.4, 0.4, 0.4 ]
		},
		{
			"name": "trash",
			"type": "PREFAB",
			"filename": "prefabs/trash_can/scene.gltf",
			"position": [ 140, 0, 110 ],
			"scale": [ 0.5, 0.5, 0.5 ]
		},
		{
			"name": "tree",
			"type": "PREFAB",
			"filename": "prefabs/tree/scene.gltf",
			"position": [ 102, 0, 401 ],
			"angle": -90,
			"scale": [ 0.8, 0.8, 0.8 ]
		},
		{
			"name": "spot",
			"type": "LIGHT",
			"position": [ 0, 36, -16 ],
			"angle": -45,
			"color": [ 1, 0.9, 0.8 ],
			"intensity": 10,
			"max_dist": 1000,
			"cone_angle": 45,
			"cone_exp": 60,
			"light_type": "SPOT",
			"cast_shadows": true,
			"shadow_bias": 0.001
		},
		{
			"name": "pointlight",
			"type": "LIGHT",
			"position": [ -187, 38, -156 ],
			"angle": 0,
			"color": [ 1, 0.2, 0.1 ],
			"intensity": 2.5,
			"max_dist": 70,
			"light_type": "POINT"
		},
		{
			"name": "pointlight2",
			"type": "LIGHT",
			"position": [ -131, 38, -205 ],
			"angle": 0,
			"color": [ 1, 0.2, 0.1 ],
			"intensity": 2.5,
			"max_dist": 70,
			"light_type": "POINT"
		},
		{
			"name": "moonlight",
			"type": "LIGHT",
			"position": [ 150, 300, 50 ],
			"target": [ -80, 0, -50 ],
			"color": [ 0.1, 0.2, 0.4 ],
			"intensity": 1.5,
			"area_size": 1500,
			"max_dist": 1000,
			"cast_shadows": true,
			"light_type": "DIRECTIONAL"
		}



	]
}